id;content_text;date_pub;time
1;Berkshire Gloves;2020-11-28;2020-11-27T17:46:59
2;contextually-based synergize;2020-11-28;2020-11-28T09:44:14
3;cross-platform Barbados programming;2020-11-28;2020-11-28T15:42:36
4;Games Savings Account fuchsia;2020-11-28;2020-11-28T00:24:13
5;Investment Account;2020-11-27;2020-11-27T18:17:51
6;value-added Forward invoice;2020-11-28;2020-11-27T19:06:49
7;best-of-breed;2020-11-28;2020-11-27T18:49:11
8;Ergonomic maximize;2020-11-28;2020-11-27T16:35:48
9;Michigan Clothing;2020-11-27;2020-11-28T14:20:12
10;disintermediate Soft;2020-11-28;2020-11-27T18:28:36
