id;title;content;date_pub;time
1;Saint Helena Pound mesh;EXE Tasty Rubber Chips;2020-11-28;2020-11-28T06:36:33
2;deposit Incredible Wooden Hat;copy solutions Tools;2020-11-28;2020-11-28T01:44:01
3;next-generation magenta;mission-critical payment;2020-11-28;2020-11-28T10:46:19
4;revolutionize mobile;Kroon Dominica;2020-11-28;2020-11-28T06:07:13
5;Suriname Handmade Common;solution-oriented Incredible Cotton Tuna Illinois;2020-11-27;2020-11-28T07:44:46
6;exploit collaborative Home Loan Account;Chair;2020-11-27;2020-11-27T21:50:44
7;Developer plum;withdrawal partnerships Avon;2020-11-28;2020-11-28T01:19:05
8;Gorgeous Wooden Chicken;Credit Card Account innovative;2020-11-27;2020-11-28T03:58:12
9;Fantastic Wooden Table;Technician;2020-11-28;2020-11-28T06:22:39
10;Paradigm connecting calculate;Home Handmade;2020-11-27;2020-11-28T13:59:13
